{"nodes":{"node:1":{"location":{"x":0,"y":0}}},"selection":["node:1"],"view":{"scroll":{"x":-761.5015869140625,"y":-431.512298583984375},"visible_rect":{"max":{"x":606.79876708984375,"y":316.390167236328125},"min":{"x":-609.2012939453125,"y":-345.2098388671875}},"zoom":1.25}}