{"nodes":{"node:1":{"location":{"x":-128,"y":-144}},"node:3":{"location":{"x":0,"y":0}}},"selection":null,"view":{"scroll":{"x":-941.0286865234375,"y":-517.76922607421875},"visible_rect":{"max":{"x":709.55792236328125,"y":374.48590087890625},"min":{"x":-693.3896484375,"y":-381.51422119140625}},"zoom":1.35714268684387207}}