{"nodes":{"node:1":{"location":{"x":-128,"y":-144}},"node:3":{"location":{"x":0,"y":0}}},"selection":null,"view":{"scroll":{"x":-483.93682861328125,"y":-286.1356201171875},"visible_rect":{"max":{"x":661.41766357421875,"y":374.485870361328125},"min":{"x":-645.24920654296875,"y":-381.514190673828125}},"zoom":0.749999940395355225}}