{"nodes":{"node:1":{"location":{"x":-128,"y":-144}},"node:3":{"location":{"x":0,"y":0}}},"selection":null,"view":{"scroll":{"x":-673.80902099609375,"y":-386.560638427734375},"visible_rect":{"max":{"x":681.1806640625,"y":374.485870361328125},"min":{"x":-665.0125732421875,"y":-381.51416015625}},"zoom":1.01322746276855469}}