{"nodes":{"node:1":{"location":{"x":-128,"y":-144}},"node:3":{"location":{"x":0,"y":0}}},"selection":null,"view":{"scroll":{"x":-722.15667724609375,"y":-417.344207763671875},"visible_rect":{"max":{"x":676.32598876953125,"y":374.485870361328125},"min":{"x":-660.15777587890625,"y":-381.51422119140625}},"zoom":1.09391522407531738}}